{
  "IcoMoonType": "selection",
  "icons": [
    {
      "icon": {
        "paths": [
          "M832 896h-640v-128l192-320 263 320 185-128v256z",
          "M832 480c0 53.020-42.98 96-96 96-53.022 0-96-42.98-96-96s42.978-96 96-96c53.020 0 96 42.98 96 96z",
          "M917.806 229.076c-22.212-30.292-53.174-65.7-87.178-99.704s-69.412-64.964-99.704-87.178c-51.574-37.82-76.592-42.194-90.924-42.194h-496c-44.112 0-80 35.888-80 80v864c0 44.112 35.888 80 80 80h736c44.112 0 80-35.888 80-80v-624c0-14.332-4.372-39.35-42.194-90.924zM785.374 174.626c30.7 30.7 54.8 58.398 72.58 81.374h-153.954v-153.946c22.984 17.78 50.678 41.878 81.374 72.572zM896 944c0 8.672-7.328 16-16 16h-736c-8.672 0-16-7.328-16-16v-864c0-8.672 7.328-16 16-16 0 0 495.956-0.002 496 0v224c0 17.672 14.326 32 32 32h224v624z"
        ],
        "tags": [
          "file-picture",
          "file",
          "document",
          "file-image"
        ],
        "defaultCode": 59687,
        "grid": 16,
        "attrs": []
      },
      "attrs": [],
      "properties": {
        "ligatures": "file-picture, file5",
        "name": "file-picture",
        "order": 2,
        "id": 40,
        "prevSize": 32,
        "code": 59687
      },
      "setIdx": 0,
      "setId": 1,
      "iconIdx": 39
    },
    {
      "icon": {
        "paths": [
          "M384 384l320 224-320 224v-448z",
          "M917.806 229.076c-22.212-30.292-53.174-65.7-87.178-99.704s-69.412-64.964-99.704-87.178c-51.574-37.82-76.592-42.194-90.924-42.194h-496c-44.112 0-80 35.888-80 80v864c0 44.112 35.888 80 80 80h736c44.112 0 80-35.888 80-80v-624c0-14.332-4.372-39.35-42.194-90.924zM785.374 174.626c30.7 30.7 54.8 58.398 72.58 81.374h-153.954v-153.946c22.984 17.78 50.678 41.878 81.374 72.572zM896 944c0 8.672-7.328 16-16 16h-736c-8.672 0-16-7.328-16-16v-864c0-8.672 7.328-16 16-16 0 0 495.956-0.002 496 0v224c0 17.672 14.326 32 32 32h224v624z"
        ],
        "tags": [
          "file-play",
          "file",
          "document",
          "file-media",
          "file-video"
        ],
        "defaultCode": 59689,
        "grid": 16,
        "attrs": []
      },
      "attrs": [],
      "properties": {
        "ligatures": "file-play, file7",
        "name": "file-play",
        "order": 4,
        "id": 42,
        "prevSize": 32,
        "code": 59689
      },
      "setIdx": 0,
      "setId": 1,
      "iconIdx": 41
    },
    {
      "icon": {
        "paths": [
          "M917.806 229.076c-22.208-30.292-53.174-65.7-87.178-99.704s-69.412-64.964-99.704-87.178c-51.574-37.82-76.594-42.194-90.924-42.194h-496c-44.112 0-80 35.888-80 80v864c0 44.112 35.882 80 80 80h736c44.112 0 80-35.888 80-80v-624c0-14.332-4.372-39.35-42.194-90.924v0 0zM785.374 174.626c30.7 30.7 54.8 58.398 72.58 81.374h-153.954v-153.946c22.98 17.78 50.678 41.878 81.374 72.572v0 0zM896 944c0 8.672-7.328 16-16 16h-736c-8.672 0-16-7.328-16-16v-864c0-8.672 7.328-16 16-16 0 0 495.956-0.002 496 0v224c0 17.672 14.32 32 32 32h224v624z",
          "M256 512h320v320h-320v-320z",
          "M576 640l192-128v320l-192-128z"
        ],
        "tags": [
          "file-video",
          "file",
          "document",
          "file-camera"
        ],
        "defaultCode": 59690,
        "grid": 16,
        "attrs": []
      },
      "attrs": [],
      "properties": {
        "ligatures": "file-video, file8",
        "name": "file-video",
        "order": 3,
        "id": 43,
        "prevSize": 32,
        "code": 59690
      },
      "setIdx": 0,
      "setId": 1,
      "iconIdx": 42
    },
    {
      "icon": {
        "paths": [
          "M640 256v-256h-448l-192 192v576h384v256h640v-768h-384zM192 90.51v101.49h-101.49l101.49-101.49zM64 704v-448h192v-192h320v192l-192 192v256h-320zM576 346.51v101.49h-101.49l101.49-101.49zM960 960h-512v-448h192v-192h320v640z"
        ],
        "tags": [
          "copy",
          "duplicate",
          "files",
          "pages",
          "papers",
          "documents"
        ],
        "defaultCode": 59692,
        "grid": 16,
        "attrs": []
      },
      "attrs": [],
      "properties": {
        "ligatures": "copy, duplicate",
        "name": "copy",
        "order": 5,
        "id": 45,
        "prevSize": 32,
        "code": 59692
      },
      "setIdx": 0,
      "setId": 1,
      "iconIdx": 44
    },
    {
      "icon": {
        "paths": [
          "M761.862 1024c113.726-206.032 132.888-520.306-313.862-509.824v253.824l-384-384 384-384v248.372c534.962-13.942 594.57 472.214 313.862 775.628z"
        ],
        "tags": [
          "undo",
          "left",
          "arrow-left"
        ],
        "defaultCode": 59751,
        "grid": 16,
        "attrs": []
      },
      "attrs": [],
      "properties": {
        "ligatures": "undo2, left",
        "name": "undo2",
        "order": 7,
        "id": 104,
        "prevSize": 32,
        "code": 59751
      },
      "setIdx": 0,
      "setId": 1,
      "iconIdx": 103
    },
    {
      "icon": {
        "paths": [
          "M576 248.372v-248.372l384 384-384 384v-253.824c-446.75-10.482-427.588 303.792-313.86 509.824-280.712-303.414-221.1-789.57 313.86-775.628z"
        ],
        "tags": [
          "redo",
          "right",
          "arrow-right"
        ],
        "defaultCode": 59752,
        "grid": 16,
        "attrs": []
      },
      "attrs": [],
      "properties": {
        "ligatures": "redo2, right",
        "name": "redo2",
        "order": 8,
        "id": 105,
        "prevSize": 32,
        "code": 59752
      },
      "setIdx": 0,
      "setId": 1,
      "iconIdx": 104
    },
    {
      "icon": {
        "paths": [
          "M384 128c0-70.692 57.308-128 128-128s128 57.308 128 128c0 70.692-57.308 128-128 128s-128-57.308-128-128zM655.53 240.47c0-70.692 57.308-128 128-128s128 57.308 128 128c0 70.692-57.308 128-128 128s-128-57.308-128-128zM832 512c0-35.346 28.654-64 64-64s64 28.654 64 64c0 35.346-28.654 64-64 64s-64-28.654-64-64zM719.53 783.53c0-35.346 28.654-64 64-64s64 28.654 64 64c0 35.346-28.654 64-64 64s-64-28.654-64-64zM448.002 896c0 0 0 0 0 0 0-35.346 28.654-64 64-64s64 28.654 64 64c0 0 0 0 0 0 0 35.346-28.654 64-64 64s-64-28.654-64-64zM176.472 783.53c0 0 0 0 0 0 0-35.346 28.654-64 64-64s64 28.654 64 64c0 0 0 0 0 0 0 35.346-28.654 64-64 64s-64-28.654-64-64zM144.472 240.47c0 0 0 0 0 0 0-53.019 42.981-96 96-96s96 42.981 96 96c0 0 0 0 0 0 0 53.019-42.981 96-96 96s-96-42.981-96-96zM56 512c0-39.765 32.235-72 72-72s72 32.235 72 72c0 39.765-32.235 72-72 72s-72-32.235-72-72z"
        ],
        "tags": [
          "spinner",
          "loading",
          "loading-wheel",
          "busy",
          "wait"
        ],
        "defaultCode": 59770,
        "grid": 16,
        "attrs": []
      },
      "attrs": [],
      "properties": {
        "ligatures": "spinner, loading2",
        "name": "spinner",
        "order": 6,
        "id": 123,
        "prevSize": 32,
        "code": 59770
      },
      "setIdx": 0,
      "setId": 1,
      "iconIdx": 122
    }
  ],
  "height": 1024,
  "metadata": {
    "name": "icomoon"
  },
  "preferences": {
    "showGlyphs": true,
    "showQuickUse": true,
    "showQuickUse2": true,
    "showSVGs": true,
    "fontPref": {
      "prefix": "icon-",
      "metadata": {
        "fontFamily": "icomoon"
      },
      "metrics": {
        "emSize": 1024,
        "baseline": 6.25,
        "whitespace": 50
      },
      "embed": false
    },
    "imagePref": {
      "prefix": "icon-",
      "png": true,
      "useClassSelector": true,
      "color": 0,
      "bgColor": 16777215,
      "classSelector": ".icon"
    },
    "historySize": 50,
    "showCodes": true,
    "gridSize": 16
  }
}